region,district,customers,avg_sales,median_sales,avg_orders,avg_emp,group
11,60015,112,4376.335,1723.095,19.651785714285715,5.473214285714286,Nicht-ORSY
11,60015,10,29585.061999999998,9829.375,118.4,7.3,ORSY
11,60779,148,2751.1529054054054,1077.275,15.797297297297296,5.587837837837838,Nicht-ORSY
11,60779,11,22895.797272727275,13096.79,98.63636363636364,6.454545454545454,ORSY
11,60796,153,2790.6662091503267,1352.7,17.823529411764707,2.8562091503267975,Nicht-ORSY
11,60796,24,23921.6425,16168.16,106.29166666666667,5.958333333333333,ORSY
11,61070,157,3404.433949044586,1416.77,21.388535031847134,3.031847133757962,Nicht-ORSY
11,61070,17,22644.241176470587,15952.42,88.58823529411765,5.9411764705882355,ORSY
11,61218,65,1426.4775384615384,506.63,9.246153846153845,2.7846153846153845,Nicht-ORSY
11,61218,10,20546.163,14576.759999999998,119.2,5.2,ORSY
11,61299,236,2833.7053389830508,1006.6800000000001,15.90677966101695,3.9364406779661016,Nicht-ORSY
11,61299,8,22660.59375,20381.595,82.875,9.125,ORSY
11,61579,6,390.87833333333333,240.13,3.3333333333333335,5.0,Nicht-ORSY
11,61955,222,3208.9940540540542,596.86,17.34234234234234,3.9504504504504503,Nicht-ORSY
11,61955,19,31987.645789473685,20181.75,142.21052631578948,11.0,ORSY
11,62602,218,2562.739724770642,684.405,14.715596330275229,5.146788990825688,Nicht-ORSY
11,62602,11,20048.965454545454,14604.8,87.63636363636364,5.636363636363637,ORSY
11,63070,147,2737.8004761904763,1138.9,14.231292517006803,4.653061224489796,Nicht-ORSY
11,63070,25,19542.7032,14938.0,97.4,10.04,ORSY
11,63127,77,2280.376233766234,476.66,11.181818181818182,3.25974025974026,Nicht-ORSY
11,63127,24,15534.285833333333,13417.18,74.95833333333333,7.666666666666667,ORSY
11,63322,143,3283.6176923076923,882.65,16.377622377622377,5.545454545454546,Nicht-ORSY
11,63322,10,20612.036,15195.015,75.9,8.9,ORSY
11,63351,146,2116.5571917808215,500.27,9.383561643835616,3.4726027397260273,Nicht-ORSY
11,63351,32,15908.069375000001,13137.98,66.0625,5.71875,ORSY
11,63536,171,1718.2488888888888,701.5,10.403508771929825,3.912280701754386,Nicht-ORSY
11,63536,11,18801.384545454548,13361.14,66.0,4.818181818181818,ORSY
11,63632,185,2684.8225945945946,513.79,16.08108108108108,5.2,Nicht-ORSY
11,63632,14,31095.757857142857,20905.655,139.07142857142858,7.928571428571429,ORSY
11,63633,176,3837.5358522727274,1027.1599999999999,23.09659090909091,5.494318181818182,Nicht-ORSY
11,63633,11,27647.62909090909,14900.77,111.18181818181819,7.363636363636363,ORSY
11,64032,5,1956.47,632.26,27.4,1.8,Nicht-ORSY
11,64033,148,3060.319054054054,1010.12,21.29054054054054,3.4662162162162162,Nicht-ORSY
11,64033,12,11259.018333333333,7336.87,64.08333333333333,3.75,ORSY
11,64058,188,2260.6801063829785,803.11,16.611702127659573,4.973404255319149,Nicht-ORSY
11,64058,21,18399.54,12639.82,110.23809523809524,8.19047619047619,ORSY
11,64342,92,3292.929239130435,1052.755,20.304347826086957,3.260869565217391,Nicht-ORSY
11,64342,10,15720.223999999998,12164.259999999998,56.9,7.0,ORSY
11,64443,205,4292.063804878048,1211.44,18.770731707317072,3.678048780487805,Nicht-ORSY
11,64443,17,28008.20882352941,15968.14,86.11764705882354,6.764705882352941,ORSY
11,64734,209,1936.6403349282298,523.34,10.511961722488039,3.430622009569378,Nicht-ORSY
11,64734,12,17324.719166666666,12130.585,76.16666666666667,5.916666666666667,ORSY
11,65011,1,19.5,19.5,1.0,2.0,Nicht-ORSY
11,68155,177,2086.742824858757,495.71,9.372881355932204,2.9491525423728815,Nicht-ORSY
11,68155,21,34058.86857142857,14071.74,110.85714285714286,6.428571428571429,ORSY
12,61058,210,1991.2867142857144,674.625,14.571428571428571,3.6619047619047618,Nicht-ORSY
12,61058,17,17507.409411764704,11854.23,91.82352941176471,7.411764705882353,ORSY
12,61222,139,2385.108201438849,1131.59,17.949640287769785,2.8129496402877696,Nicht-ORSY
12,61222,21,20037.518095238094,15431.0,76.38095238095238,5.857142857142857,ORSY
12,61621,234,2176.1629914529917,632.02,14.252136752136753,4.782051282051282,Nicht-ORSY
12,61621,17,29642.201764705882,19248.49,135.23529411764707,7.117647058823529,ORSY
12,61940,157,2804.7461783439494,834.55,16.910828025477706,3.4713375796178343,Nicht-ORSY
12,61940,14,15821.380714285713,12513.145,87.92857142857143,6.142857142857143,ORSY
12,61996,125,3839.31576,1144.58,18.912,3.768,Nicht-ORSY
12,61996,12,45180.682499999995,18742.77,134.08333333333334,12.083333333333334,ORSY
12,62098,117,2461.7205982905984,358.73,10.905982905982906,3.4871794871794872,Nicht-ORSY
12,62098,22,10451.93409090909,5288.57,34.04545454545455,3.6363636363636362,ORSY
12,62119,160,3977.581875,821.14,22.11875,5.2,Nicht-ORSY
12,62119,21,32784.19238095238,13049.4,100.33333333333333,12.333333333333334,ORSY
12,62488,160,2513.2745,879.045,14.7875,4.775,Nicht-ORSY
12,62488,10,22128.916999999998,19159.135000000002,92.5,8.1,ORSY
12,62799,212,3722.8358490566034,603.415,16.92924528301887,4.514150943396227,Nicht-ORSY
12,62799,25,16410.9164,11037.56,78.96,6.92,ORSY
12,62980,200,3146.2877000000003,1123.42,18.19,5.03,Nicht-ORSY
12,62980,20,20321.5555,12341.529999999999,88.15,10.45,ORSY
12,63361,213,2130.232629107981,737.32,11.258215962441314,3.76056338028169,Nicht-ORSY
12,63361,10,10623.793000000001,6756.14,51.0,4.9,ORSY
12,63413,158,3008.3864556962026,922.43,15.69620253164557,4.727848101265823,Nicht-ORSY
12,63413,12,26888.553333333333,18919.635,117.41666666666667,9.0,ORSY
12,63428,1,30.36,30.36,1.0,1.0,Nicht-ORSY
12,63445,160,2427.2364375,743.4749999999999,11.31875,3.4,Nicht-ORSY
12,63445,13,14860.317692307694,12930.95,65.53846153846153,5.076923076923077,ORSY
12,63592,257,2914.565680933852,607.76,15.30739299610895,3.735408560311284,Nicht-ORSY
12,63592,11,16645.767272727273,7270.14,93.0,7.545454545454546,ORSY
12,63805,167,1332.988622754491,560.65,8.646706586826348,3.754491017964072,Nicht-ORSY
12,63805,9,9869.392222222223,9157.13,39.0,3.5555555555555554,ORSY
12,63838,122,2913.290081967213,509.265,11.557377049180328,2.9836065573770494,Nicht-ORSY
12,63838,19,13366.866315789473,9761.57,52.473684210526315,4.473684210526316,ORSY
12,64106,171,2667.1512280701754,541.84,16.982456140350877,3.2280701754385963,Nicht-ORSY
12,64106,30,24312.966,10207.955,100.06666666666666,6.333333333333333,ORSY
12,64116,213,2777.2400938967135,948.19,18.600938967136152,3.7417840375586855,Nicht-ORSY
12,64116,15,29273.302000000003,20923.15,131.66666666666666,8.8,ORSY
12,67050,5,3448.818,3592.74,45.2,1.0,Nicht-ORSY
13,60294,148,3509.6394594594594,1256.875,18.93243243243243,8.358108108108109,Nicht-ORSY
13,60294,15,21882.709333333336,12106.49,85.0,10.0,ORSY
13,61047,95,3769.2937894736847,1097.39,19.810526315789474,3.9263157894736844,Nicht-ORSY
13,61047,11,9242.427272727273,9588.95,63.0,4.7272727272727275,ORSY
13,61652,289,2927.9947750865053,676.65,16.491349480968857,3.8996539792387543,Nicht-ORSY
13,61652,13,16786.715384615385,10566.56,91.84615384615384,5.3076923076923075,ORSY
13,61999,193,2471.6082901554405,949.69,17.77720207253886,3.1243523316062176,Nicht-ORSY
13,61999,27,11911.364814814813,7458.42,70.66666666666667,6.925925925925926,ORSY
13,62050,203,3353.546403940887,689.86,20.039408866995075,5.300492610837439,Nicht-ORSY
13,62050,10,46835.687,25502.855,247.2,16.1,ORSY
13,62998,301,2257.8167441860464,599.07,10.807308970099667,5.7574750830564785,Nicht-ORSY
13,62998,21,26034.33,15081.59,105.0,7.666666666666667,ORSY
13,63128,320,2065.90465625,522.7449999999999,11.24375,5.115625,Nicht-ORSY
13,63128,28,20461.492857142857,12444.96,74.28571428571429,9.571428571428571,ORSY
13,63129,225,3192.9149333333335,955.87,18.342222222222222,4.497777777777777,Nicht-ORSY
13,63129,22,21568.867272727275,15705.895,103.63636363636364,7.2727272727272725,ORSY
13,63313,230,3075.6382608695653,649.44,14.647826086956522,4.056521739130435,Nicht-ORSY
13,63313,17,31352.08823529412,21412.06,135.2941176470588,10.176470588235293,ORSY
13,63498,151,4222.49178807947,1118.57,18.62251655629139,2.7417218543046356,Nicht-ORSY
13,63498,28,15263.24107142857,9158.715,61.642857142857146,5.428571428571429,ORSY
13,63506,112,1712.470625,415.74,8.991071428571429,3.3392857142857144,Nicht-ORSY
13,63506,23,14799.33304347826,12501.47,53.30434782608695,5.521739130434782,ORSY
13,63512,314,3342.5253184713374,902.395,18.929936305732483,4.662420382165605,Nicht-ORSY
13,63512,34,25204.171470588233,17889.76,98.41176470588235,7.588235294117647,ORSY
13,63684,170,1708.9801176470587,401.08000000000004,9.411764705882353,3.323529411764706,Nicht-ORSY
13,63684,17,17356.195882352942,9234.92,72.23529411764706,6.0,ORSY
13,64066,104,2617.0528846153848,893.385,17.365384615384617,4.211538461538462,Nicht-ORSY
13,64066,14,33438.247142857144,18832.775,138.07142857142858,11.428571428571429,ORSY
13,64085,208,3464.612403846154,681.5699999999999,19.875,5.091346153846154,Nicht-ORSY
13,64085,21,20197.83476190476,10564.42,88.80952380952381,6.523809523809524,ORSY
13,64089,219,3258.6461187214613,698.07,16.19634703196347,3.958904109589041,Nicht-ORSY
13,64089,15,10809.294666666667,11523.07,56.2,7.533333333333333,ORSY
13,64098,223,3075.394260089686,1200.96,17.22421524663677,3.600896860986547,Nicht-ORSY
13,64098,28,19610.846071428572,13139.115000000002,70.17857142857143,6.964285714285714,ORSY
13,64117,170,2879.710411764706,935.275,17.211764705882352,5.017647058823529,Nicht-ORSY
13,64117,17,14273.847647058823,11595.51,80.17647058823529,7.352941176470588,ORSY
13,65002,147,2832.846462585034,805.63,17.537414965986393,5.244897959183674,Nicht-ORSY
13,65002,15,18466.226000000002,11367.25,71.33333333333333,6.333333333333333,ORSY
13,66789,83,3464.4818072289154,760.57,10.855421686746988,2.927710843373494,Nicht-ORSY
13,66789,17,25713.112352941174,12662.98,73.52941176470588,5.882352941176471,ORSY
13,67035,13,1871.823076923077,1251.23,20.692307692307693,0.9230769230769231,Nicht-ORSY
13,68063,207,2289.804106280193,699.2,15.405797101449275,5.019323671497585,Nicht-ORSY
13,68063,16,22630.625625,13560.575,121.875,10.0,ORSY
13,70013,2,1832.54,1832.54,19.0,5.5,Nicht-ORSY
14,60295,160,2024.6901874999999,521.54,8.65625,3.06875,Nicht-ORSY
14,60295,29,13191.310689655173,8548.42,54.0,4.620689655172414,ORSY
14,61041,132,2663.075984848485,845.615,15.242424242424242,8.856060606060606,Nicht-ORSY
14,61041,18,23673.754444444447,14939.984999999999,91.83333333333333,9.166666666666666,ORSY
14,61460,194,2907.482113402062,1072.645,18.329896907216494,4.201030927835052,Nicht-ORSY
14,61460,9,13032.41,9021.85,62.0,6.222222222222222,ORSY
14,61461,241,2798.515601659751,698.39,15.257261410788383,4.804979253112033,Nicht-ORSY
14,61461,23,26303.34956521739,16123.92,97.56521739130434,8.26086956521739,ORSY
14,62040,141,2615.4979432624114,908.18,17.347517730496453,3.141843971631206,Nicht-ORSY
14,62040,25,17593.0144,16928.82,93.72,4.24,ORSY
14,62211,225,2480.6897777777776,808.79,13.124444444444444,2.96,Nicht-ORSY
14,62211,12,17637.371666666666,8402.485,84.58333333333333,5.75,ORSY
14,63007,194,2600.415,903.74,16.943298969072163,4.824742268041237,Nicht-ORSY
14,63007,26,26161.87923076923,16506.73,116.26923076923077,7.269230769230769,ORSY
14,63085,171,2392.648128654971,899.14,15.883040935672515,3.695906432748538,Nicht-ORSY
14,63085,17,19180.613529411763,11510.18,68.47058823529412,9.176470588235293,ORSY
14,63298,1,163.26,163.26,1.0,1.0,Nicht-ORSY
14,63382,202,1875.39,470.66499999999996,10.564356435643564,4.074257425742574,Nicht-ORSY
14,63382,23,15303.488260869564,15318.26,64.95652173913044,5.869565217391305,ORSY
14,63427,126,3570.7692857142856,710.675,19.658730158730158,4.0396825396825395,Nicht-ORSY
14,63427,20,25565.0565,7203.655,97.75,6.65,ORSY
14,64088,221,1681.563891402715,518.96,11.900452488687783,3.669683257918552,Nicht-ORSY
14,64088,19,15256.934210526315,10737.64,62.0,6.526315789473684,ORSY
14,64092,165,3158.3284242424243,893.69,18.587878787878786,3.484848484848485,Nicht-ORSY
14,64092,21,23403.385238095238,15254.51,119.47619047619048,10.0,ORSY
14,64114,272,2315.965588235294,933.095,14.397058823529411,3.1948529411764706,Nicht-ORSY
14,64114,9,21267.433333333334,9260.77,97.33333333333333,5.333333333333333,ORSY
14,65014,2,356.83000000000004,356.83000000000004,2.0,3.0,Nicht-ORSY
14,67031,7,5547.085714285715,804.5,40.714285714285715,0.8571428571428571,Nicht-ORSY
14,68139,181,2144.0467955801105,698.1,15.03867403314917,2.867403314917127,Nicht-ORSY
14,68139,17,16817.285294117646,11627.16,83.82352941176471,7.176470588235294,ORSY
14,68150,125,2288.5146400000003,845.95,14.496,3.304,Nicht-ORSY
14,68150,25,13193.0168,9841.38,57.2,6.04,ORSY
15,60393,174,2507.104195402299,1075.76,15.218390804597702,4.172413793103448,Nicht-ORSY
15,60393,11,14691.705454545456,12001.92,80.0,6.363636363636363,ORSY
15,60394,182,2020.1915934065935,429.425,13.978021978021978,3.6648351648351647,Nicht-ORSY
15,60394,28,32168.41107142857,19505.785,99.46428571428571,6.535714285714286,ORSY
15,60846,225,4152.621377777778,1118.11,22.4,5.088888888888889,Nicht-ORSY
15,60846,20,36901.659,14811.51,127.35,6.9,ORSY
15,61947,5,255.32,162.8,1.6,3.4,Nicht-ORSY
15,62054,260,2603.6111923076924,702.0250000000001,15.173076923076923,5.0576923076923075,Nicht-ORSY
15,62054,11,12374.942727272726,9977.42,67.27272727272727,7.2727272727272725,ORSY
15,62072,322,1624.7643167701863,465.135,8.630434782608695,3.7546583850931676,Nicht-ORSY
15,62072,15,13887.092666666667,11388.64,54.13333333333333,3.8,ORSY
15,62083,154,3149.359155844156,1025.0,19.337662337662337,5.253246753246753,Nicht-ORSY
15,62083,22,16485.845,12421.19,69.0909090909091,5.863636363636363,ORSY
15,62497,180,2400.3256666666666,546.515,12.822222222222223,6.972222222222222,Nicht-ORSY
15,62497,17,11182.04411764706,8040.72,57.76470588235294,10.411764705882353,ORSY
15,63055,265,2722.4111320754714,790.77,15.766037735849057,3.290566037735849,Nicht-ORSY
15,63055,22,25083.936363636363,13363.585,88.77272727272727,5.363636363636363,ORSY
15,63117,84,2392.828095238095,380.255,8.785714285714286,2.869047619047619,Nicht-ORSY
15,63117,19,11156.694736842106,6746.92,41.8421052631579,3.736842105263158,ORSY
15,63324,135,2940.7795555555554,1130.43,19.822222222222223,3.8222222222222224,Nicht-ORSY
15,63324,19,29828.141578947365,20508.27,125.26315789473684,10.631578947368421,ORSY
15,63443,117,2262.2384615384617,436.34,9.837606837606838,2.700854700854701,Nicht-ORSY
15,63443,19,18791.169473684207,19743.94,68.78947368421052,5.0,ORSY
15,63446,352,1813.7774147727273,461.44,9.210227272727273,3.6875,Nicht-ORSY
15,63446,29,18664.57448275862,13891.82,94.17241379310344,6.413793103448276,ORSY
15,63447,189,2337.617142857143,849.82,14.518518518518519,3.1746031746031744,Nicht-ORSY
15,63447,18,31062.297777777778,16137.630000000001,148.11111111111111,8.166666666666666,ORSY
15,64004,187,2173.404064171123,650.06,12.754010695187166,6.101604278074866,Nicht-ORSY
15,64004,9,21783.405555555553,20048.45,74.11111111111111,6.888888888888889,ORSY
15,64055,254,3740.5903149606297,1160.5149999999999,19.41732283464567,4.299212598425197,Nicht-ORSY
15,64055,20,13433.177,12536.310000000001,63.85,5.0,ORSY
15,64086,184,2593.4942934782607,545.165,14.652173913043478,3.592391304347826,Nicht-ORSY
15,64086,24,25865.21875,16129.45,88.41666666666667,9.875,ORSY
15,64093,197,3361.213705583756,867.89,16.598984771573605,3.6091370558375635,Nicht-ORSY
15,64093,17,50507.872941176465,17161.12,108.29411764705883,11.764705882352942,ORSY
15,64118,134,3646.6783582089556,1091.535,20.98507462686567,4.082089552238806,Nicht-ORSY
15,64118,12,22011.8075,22822.815,97.58333333333333,8.583333333333334,ORSY
15,65015,1,6064.87,6064.87,10.0,2.0,Nicht-ORSY
15,66045,142,2291.375352112676,1002.3050000000001,14.838028169014084,3.704225352112676,Nicht-ORSY
15,66045,20,11247.735499999999,10823.875,60.1,4.6,ORSY
15,66056,103,2710.671941747573,919.87,11.466019417475728,3.4174757281553396,Nicht-ORSY
15,66056,19,14539.378947368421,13516.69,47.89473684210526,6.894736842105263,ORSY
15,67037,10,1740.239,1465.82,27.3,1.6,Nicht-ORSY
16,61029,186,2879.988172043011,615.545,16.20967741935484,3.7419354838709675,Nicht-ORSY
16,61029,31,26375.878064516128,24460.14,97.0,6.838709677419355,ORSY
16,61619,201,1759.6761691542288,493.81,10.393034825870647,2.572139303482587,Nicht-ORSY
16,61619,17,18646.290588235293,15942.11,63.1764705882353,4.764705882352941,ORSY
16,62222,149,3323.5324832214765,1026.84,18.946308724832214,5.671140939597316,Nicht-ORSY
16,62222,22,13147.187727272727,10678.64,66.18181818181819,7.818181818181818,ORSY
16,62893,187,1413.6556684491977,449.06,7.684491978609626,2.9946524064171123,Nicht-ORSY
16,62893,15,19159.86133333333,16750.27,75.0,4.266666666666667,ORSY
16,63028,78,1719.7814102564105,506.64,8.884615384615385,3.2564102564102564,Nicht-ORSY
16,63028,14,14249.671428571428,10995.05,52.92857142857143,7.0,ORSY
16,63088,219,1992.7278538812786,707.4,10.141552511415526,2.675799086757991,Nicht-ORSY
16,63088,25,23208.327999999998,19145.34,93.08,6.68,ORSY
16,63121,73,2837.0442465753426,855.75,11.054794520547945,2.780821917808219,Nicht-ORSY
16,63121,25,14892.003200000001,10888.07,63.12,5.64,ORSY
16,63327,79,2622.1462025316455,1080.43,14.89873417721519,4.7215189873417724,Nicht-ORSY
16,63327,18,22676.062777777777,11043.155,95.44444444444444,11.666666666666666,ORSY
16,63331,125,3360.0724,699.12,13.768,2.84,Nicht-ORSY
16,63331,26,19843.401153846153,8744.055,65.3076923076923,7.346153846153846,ORSY
16,63340,200,2599.13485,670.375,13.705,4.155,Nicht-ORSY
16,63340,15,22177.061999999998,13519.34,74.0,10.866666666666667,ORSY
16,63342,148,3415.7563513513514,939.33,18.0472972972973,5.162162162162162,Nicht-ORSY
16,63342,18,19766.623333333337,14437.880000000001,94.5,8.166666666666666,ORSY
16,63529,154,2819.937142857143,822.375,16.064935064935064,4.9935064935064934,Nicht-ORSY
16,63529,16,12194.361875,12262.24,50.4375,5.0625,ORSY
16,63613,134,2939.6167164179105,1278.94,17.52238805970149,3.0074626865671643,Nicht-ORSY
16,63613,29,19370.713793103445,9795.76,92.55172413793103,5.655172413793103,ORSY
16,64028,188,2431.8410638297873,666.99,15.962765957446809,3.5904255319148937,Nicht-ORSY
16,64028,21,19408.545714285716,15686.52,83.14285714285714,8.857142857142858,ORSY
16,64104,95,3102.1895789473683,919.41,20.410526315789475,3.8105263157894735,Nicht-ORSY
16,64104,16,21024.755624999998,13456.195,109.0,9.3125,ORSY
16,64122,53,2833.9964150943397,930.93,15.283018867924529,2.849056603773585,Nicht-ORSY
16,64122,18,23448.941666666666,9249.205,76.22222222222223,7.611111111111111,ORSY
16,64124,150,2093.9148666666665,700.095,12.686666666666667,3.4133333333333336,Nicht-ORSY
16,64124,7,26950.63,14900.34,86.71428571428571,6.142857142857143,ORSY
16,64214,103,3094.149223300971,756.95,18.75728155339806,3.883495145631068,Nicht-ORSY
16,64214,7,36684.33285714286,7298.26,106.42857142857143,6.285714285714286,ORSY
16,65016,1,493.2,493.2,1.0,1.0,Nicht-ORSY
16,65492,23,1716.4986956521739,638.49,10.652173913043478,3.4347826086956523,Nicht-ORSY
16,65492,7,15824.237142857144,3990.33,49.285714285714285,4.142857142857143,ORSY
16,66042,166,2596.916325301205,656.2950000000001,14.367469879518072,4.228915662650603,Nicht-ORSY
16,66042,24,22973.8425,10709.64,102.83333333333333,10.083333333333334,ORSY
16,67007,8,1440.6875,269.28999999999996,19.625,1.25,Nicht-ORSY
16,70016,1,391.31,391.31,3.0,1.0,Nicht-ORSY
16,80016,15,666.8573333333334,362.02,4.533333333333333,2.8666666666666667,Nicht-ORSY
16,80016,3,19899.643333333333,5444.83,86.0,4.0,ORSY
17,61502,165,5531.121212121212,713.56,18.10909090909091,5.721212121212122,Nicht-ORSY
17,61502,19,19559.353684210528,6180.03,76.57894736842105,6.315789473684211,ORSY
17,61604,229,3099.531790393013,1045.62,18.91703056768559,3.7598253275109172,Nicht-ORSY
17,61604,18,25242.12,19523.235,91.38888888888889,6.833333333333333,ORSY
17,62611,146,2895.100616438356,594.25,17.472602739726028,3.4383561643835616,Nicht-ORSY
17,62611,10,9488.382,9449.395,53.9,7.9,ORSY
17,62733,210,3096.8449523809527,859.395,17.38095238095238,2.7666666666666666,Nicht-ORSY
17,62733,19,27550.95210526316,19948.41,80.47368421052632,6.157894736842105,ORSY
17,63122,210,2338.034714285714,697.22,13.504761904761905,3.6952380952380954,Nicht-ORSY
17,63122,24,22278.710833333334,13646.855,109.08333333333333,9.375,ORSY
17,63236,1,63.78,63.78,1.0,2.0,Nicht-ORSY
17,63281,143,2968.7667832167836,989.01,19.363636363636363,3.797202797202797,Nicht-ORSY
17,63281,14,37980.47571428572,26691.559999999998,151.0,11.714285714285714,ORSY
17,63293,187,4346.552834224599,1146.04,19.3048128342246,2.9679144385026737,Nicht-ORSY
17,63293,22,19793.51409090909,13413.87,79.68181818181819,5.5,ORSY
17,63399,114,3296.619824561403,791.145,13.192982456140351,3.543859649122807,Nicht-ORSY
17,63399,20,12212.3735,9879.939999999999,42.2,5.7,ORSY
17,63433,278,2950.2327338129494,760.905,14.741007194244604,4.956834532374101,Nicht-ORSY
17,63433,24,14794.474166666667,15588.785,71.33333333333333,7.583333333333333,ORSY
17,63434,101,3542.0051485148515,817.99,15.613861386138614,4.306930693069307,Nicht-ORSY
17,63434,20,11182.841499999999,8326.555,45.25,4.0,ORSY
17,63502,163,2320.4532515337423,788.87,14.343558282208589,3.8650306748466257,Nicht-ORSY
17,63502,20,18039.2535,16166.96,82.35,6.3,ORSY
17,63511,119,2892.7540336134452,776.32,16.77310924369748,2.46218487394958,Nicht-ORSY
17,63511,15,13288.440666666665,12186.56,79.06666666666666,5.4,ORSY
17,64021,205,2579.420829268293,832.44,16.13658536585366,3.6682926829268294,Nicht-ORSY
17,64021,22,20767.99909090909,17924.58,112.31818181818181,6.818181818181818,ORSY
17,64094,238,3179.0143277310926,813.265,18.718487394957982,3.6848739495798317,Nicht-ORSY
17,64094,16,20440.0775,18542.945,72.5,5.0,ORSY
17,64107,148,2198.1848648648647,565.22,13.22972972972973,4.25,Nicht-ORSY
17,64107,11,24128.582727272726,18065.11,104.81818181818181,9.272727272727273,ORSY
17,64999,187,3403.985347593583,751.43,14.48663101604278,3.7593582887700534,Nicht-ORSY
17,64999,15,24106.906666666666,13479.64,93.33333333333333,7.266666666666667,ORSY
17,66001,224,3531.831696428572,1293.565,19.200892857142858,3.9598214285714284,Nicht-ORSY
17,66001,31,13658.516451612904,13340.85,62.193548387096776,5.096774193548387,ORSY
17,67001,8,1007.1175000000001,554.38,11.875,0.875,Nicht-ORSY
17,68299,126,3438.585634920635,490.69,12.88888888888889,2.865079365079365,Nicht-ORSY
17,68299,26,27869.138076923075,15622.93,85.34615384615384,6.153846153846154,ORSY
17,68346,139,1988.4546762589928,622.25,8.928057553956835,2.985611510791367,Nicht-ORSY
17,68346,11,29576.398181818182,15909.55,80.18181818181819,8.909090909090908,ORSY
17,68349,156,1825.054487179487,545.09,10.884615384615385,3.8141025641025643,Nicht-ORSY
17,68349,12,17131.2775,15795.57,83.58333333333333,5.25,ORSY
17,68355,110,1219.3457272727273,776.1949999999999,7.7727272727272725,4.2272727272727275,Nicht-ORSY
17,68355,1,55581.27,55581.27,226.0,8.0,ORSY
17,68361,177,1670.8736723163843,491.38,8.903954802259888,2.6779661016949152,Nicht-ORSY
17,68361,18,13403.973333333335,8858.41,55.77777777777778,3.2777777777777777,ORSY
18,61003,236,2620.038898305085,797.675,14.016949152542374,4.110169491525424,Nicht-ORSY
18,61003,16,22930.733125,14583.735,69.8125,5.25,ORSY
18,61270,160,2791.06725,937.135,15.29375,4.8,Nicht-ORSY
18,61270,12,33477.79416666667,25347.21,73.08333333333333,6.416666666666667,ORSY
18,62025,193,3352.392901554404,946.17,15.606217616580311,4.310880829015544,Nicht-ORSY
18,62025,23,30087.916521739127,18249.5,97.82608695652173,13.26086956521739,ORSY
18,63199,4,211.7925,220.61,1.75,1.25,Nicht-ORSY
18,63336,176,1928.94,717.29,10.596590909090908,4.1647727272727275,Nicht-ORSY
18,63336,10,17643.466,17239.87,74.7,6.9,ORSY
18,63338,178,3360.7629775280893,832.065,14.842696629213483,4.022471910112359,Nicht-ORSY
18,63338,15,22019.472,13694.08,100.4,7.933333333333334,ORSY
18,63347,199,3541.457889447236,1012.83,18.34673366834171,6.055276381909548,Nicht-ORSY
18,63347,27,20447.166296296295,14043.0,85.70370370370371,8.814814814814815,ORSY
18,63979,113,3024.8660176991148,619.77,10.858407079646017,5.929203539823009,Nicht-ORSY
18,63979,16,15783.169375,12621.46,61.4375,8.0625,ORSY
18,63980,136,2052.3315441176474,726.825,7.897058823529412,2.9558823529411766,Nicht-ORSY
18,63980,19,13331.495789473684,9801.56,42.94736842105263,5.473684210526316,ORSY
18,64076,196,3998.7192346938773,935.09,15.653061224489797,5.336734693877551,Nicht-ORSY
18,64076,21,31554.268571428573,17315.55,100.28571428571429,7.095238095238095,ORSY
18,64097,152,3429.659407894737,999.29,14.539473684210526,4.032894736842105,Nicht-ORSY
18,64097,24,21927.532083333335,13002.48,79.54166666666667,8.0,ORSY
18,64126,188,3489.3421808510634,1146.5949999999998,16.79787234042553,3.6861702127659575,Nicht-ORSY
18,64126,23,13122.84956521739,8205.31,68.56521739130434,6.0,ORSY
18,64988,136,3500.3260294117645,2025.24,19.455882352941178,3.7794117647058822,Nicht-ORSY
18,64988,36,13866.691388888888,9473.3,65.41666666666667,5.472222222222222,ORSY
18,65004,170,2664.080411764706,813.335,18.652941176470588,4.182352941176471,Nicht-ORSY
18,65004,20,15222.4235,7570.83,86.45,5.55,ORSY
18,66024,75,3302.421866666667,606.59,17.56,4.066666666666666,Nicht-ORSY
18,66024,4,24245.82,17021.34,100.75,12.0,ORSY
18,66100,173,2047.1719075144508,602.71,13.15606936416185,4.722543352601156,Nicht-ORSY
18,66100,12,23288.6875,21955.425000000003,94.25,9.75,ORSY
18,67011,47,753.5170212765958,410.66,7.361702127659575,1.9361702127659575,Nicht-ORSY
18,68334,180,2477.4599444444443,639.425,11.877777777777778,2.7,Nicht-ORSY
18,68334,11,23197.38818181818,9678.1,65.9090909090909,5.818181818181818,ORSY
18,68920,191,2126.831884816754,483.88,10.534031413612565,3.774869109947644,Nicht-ORSY
18,68920,7,24817.104285714282,9001.12,62.857142857142854,10.0,ORSY
