region,district,flag_new_orsyshelf,customers,avg_sales,avg_orders,avg_emp,share_salesrep,share_branch,share_ebusiness,share_internal,share_others
11,60015,Nicht-ORSY,112,4376.335,19.651785714285715,5.473214285714286,0.25310315879564976,0.43611526981645177,0.18161783702739717,0.129446970280014,-0.00028323591951274563
11,60015,ORSY,10,29585.061999999998,118.4,7.3,0.19700485103881277,0.377333830350166,0.3037440216365554,0.12222190926201988,-0.00030461228755399944
11,60779,Nicht-ORSY,148,2751.1529054054054,15.797297297297296,5.587837837837838,0.24724324202796383,0.5447046742678613,0.14071009169466492,0.06749592189679786,-0.00015392988728792875
11,60779,ORSY,11,22895.797272727275,98.63636363636364,6.454545454545454,0.46182199105488075,0.4076635114636702,0.12532493897691752,0.006283970835938091,-0.0010944123314065512
11,60796,Nicht-ORSY,153,2790.6662091503267,17.823529411764707,2.8562091503267975,0.28144037652888904,0.5582308627392831,0.09852107044332133,0.06253370024244499,-0.0007260099539384549
11,60796,ORSY,24,23921.6425,106.29166666666667,5.958333333333333,0.31998580000470356,0.30408004892558854,0.2706468337637784,0.10631686227430336,-0.001029544968373862
11,61070,Nicht-ORSY,157,3404.433949044586,21.388535031847134,3.031847133757962,0.20948845402285213,0.6873923127333985,0.06362138422545993,0.04081062851300645,-0.001312779494717025
11,61070,ORSY,17,22644.241176470587,88.58823529411765,5.9411764705882355,0.29647708745703255,0.44492542128224816,0.20098027646103506,0.05839030913183198,-0.0007730943321476875
11,61218,Nicht-ORSY,65,1426.4775384615384,9.246153846153845,2.7846153846153845,0.3370327739956612,0.5677084680774123,0.06834301838468068,0.027946992357603943,-0.0010312528153581472
11,61218,ORSY,10,20546.163,119.2,5.2,0.6271251237900559,0.03973074386408916,0.32053276891089444,0.012611363434960502,0.0
11,61299,Nicht-ORSY,236,2833.7053389830508,15.90677966101695,3.9364406779661016,0.17382573771138285,0.7739117258135306,0.03621920903674609,0.015913275288360607,0.00013005214997982838
11,61299,ORSY,8,22660.59375,82.875,9.125,0.3487960212180984,0.47230136231368813,0.113735118387421,0.06906695968518302,-0.003899461604390505
11,61579,Nicht-ORSY,6,390.87833333333333,3.3333333333333335,5.0,0.16666666666666666,0.8333333333333334,0.0,0.0,0.0
11,61955,Nicht-ORSY,222,3208.9940540540542,17.34234234234234,3.9504504504504503,0.17314400238678615,0.7310936878155695,0.055354512468953045,0.04075738655565531,-0.0003495892269640525
11,61955,ORSY,19,31987.645789473685,142.21052631578948,11.0,0.2389290504206535,0.5061045840128666,0.17785475876920928,0.07833022421325797,-0.0012186174159873062
11,62602,Nicht-ORSY,218,2562.739724770642,14.715596330275229,5.146788990825688,0.14258162698163385,0.577914032303346,0.2121067975708008,0.06748135160950772,-8.380846528843126e-05
11,62602,ORSY,11,20048.965454545454,87.63636363636364,5.636363636363637,0.33787075188447957,0.4428228710974443,0.13409803878507195,0.08580843083739437,-0.0006000926043901531
11,63070,Nicht-ORSY,147,2737.8004761904763,14.231292517006803,4.653061224489796,0.17608810556736115,0.6156462862258276,0.130495435427528,0.07844947922761121,-0.0006793064483279393
11,63070,ORSY,25,19542.7032,97.4,10.04,0.3360926265243851,0.37476286128042113,0.2520264697763216,0.037401724467669185,-0.00028368204879703445
11,63127,Nicht-ORSY,77,2280.376233766234,11.181818181818182,3.25974025974026,0.4825958786548036,0.2649538573505193,0.1785701670237443,0.07393557971825512,-5.548274732231311e-05
11,63127,ORSY,24,15534.285833333333,74.95833333333333,7.666666666666667,0.640268785136223,0.06720943701005677,0.26985036191566786,0.02379046140520233,-0.0011190454671499211
11,63322,Nicht-ORSY,143,3283.6176923076923,16.377622377622377,5.545454545454546,0.2588549884145239,0.522853075470135,0.13161524792157397,0.08698220593169118,-0.0003055177379240854
11,63322,ORSY,10,20612.036,75.9,8.9,0.47266418623435635,0.2511434883585776,0.1752353461606979,0.10106443303863781,-0.00010745379226963553
11,63351,Nicht-ORSY,146,2116.5571917808215,9.383561643835616,3.4726027397260273,0.5200364314646033,0.2861234790297156,0.14846143154576713,0.045730268829119756,-0.00035161086920584595
11,63351,ORSY,32,15908.069375000001,66.0625,5.71875,0.554416213436407,0.1062624440329755,0.3010358790984524,0.037722698281410956,0.0005627651507540866
11,63536,Nicht-ORSY,171,1718.2488888888888,10.403508771929825,3.912280701754386,0.13973160140312527,0.6277955002374602,0.14411650756667918,0.08904013481701743,-0.0006837440242821104
11,63536,ORSY,11,18801.384545454548,66.0,4.818181818181818,0.4342143403503297,0.28343991129334234,0.15345716932762388,0.12888857902870401,0.0
11,63632,Nicht-ORSY,185,2684.8225945945946,16.08108108108108,5.2,0.19678566719055687,0.5585528343544427,0.14991152645542452,0.0950734535024911,-0.00032348150291522013
11,63632,ORSY,14,31095.757857142857,139.07142857142858,7.928571428571429,0.2857065407221342,0.3638948052825852,0.2769644399498167,0.07494970144761656,-0.001515487402152642
11,63633,Nicht-ORSY,176,3837.5358522727274,23.09659090909091,5.494318181818182,0.2298979047413268,0.5718719773023898,0.1664007842265277,0.03313830933787344,-0.0013089756081178141
11,63633,ORSY,11,27647.62909090909,111.18181818181819,7.363636363636363,0.24558077430262373,0.488797528835557,0.24403695910154807,0.022665693028610594,-0.00108095526833946
11,64032,Nicht-ORSY,5,1956.47,27.4,1.8,0.0,1.0,0.0,0.0,0.0
11,64033,Nicht-ORSY,148,3060.319054054054,21.29054054054054,3.4662162162162162,0.1630480928092906,0.6879406179700432,0.10020296816094351,0.05030877799874745,-0.0015004569390247879
11,64033,ORSY,12,11259.018333333333,64.08333333333333,3.75,0.24101917855881608,0.5047684534489829,0.24216473868512564,0.013002645271514422,-0.0009550159644390196
11,64058,Nicht-ORSY,188,2260.6801063829785,16.611702127659573,4.973404255319149,0.24981559667075096,0.6143968919765215,0.10332468737308208,0.033373557759263206,-0.0009107337796177452
11,64058,ORSY,21,18399.54,110.23809523809524,8.19047619047619,0.3545514473948038,0.4357509667979831,0.16599815218509448,0.043904880892285156,-0.00020544727016654114
11,64342,Nicht-ORSY,92,3292.929239130435,20.304347826086957,3.260869565217391,0.22589305785255842,0.5347950956555098,0.2065214961738555,0.03300537117647974,-0.00021502085840339005
11,64342,ORSY,10,15720.223999999998,56.9,7.0,0.3946330282363606,0.3199143477004537,0.2596918059227312,0.03155206684332547,-0.005791248702870979
11,64443,Nicht-ORSY,205,4292.063804878048,18.770731707317072,3.678048780487805,0.26371591302081693,0.6105423177693015,0.06762178826954515,0.05897704960791114,-0.0008570686675746322
11,64443,ORSY,17,28008.20882352941,86.11764705882354,6.764705882352941,0.5520498580890907,0.3647208312873498,0.05658558222071951,0.027086216948115024,-0.0004424885452749348
11,64734,Nicht-ORSY,209,1936.6403349282298,10.511961722488039,3.430622009569378,0.12262248045557413,0.5482426639300476,0.22811596972131165,0.10132304230325481,-0.0003041564101881942
11,64734,ORSY,12,17324.719166666666,76.16666666666667,5.916666666666667,0.19363239052360778,0.39352582027048394,0.26725796299676086,0.14962020295277775,-0.00403637674363034
11,65011,Nicht-ORSY,1,19.5,1.0,2.0,0.0,1.0,0.0,0.0,0.0
11,68155,Nicht-ORSY,177,2086.742824858757,9.372881355932204,2.9491525423728815,0.2333632323558061,0.5204424976911506,0.1875632029354068,0.05871352223930529,-8.245522166880105e-05
11,68155,ORSY,21,34058.86857142857,110.85714285714286,6.428571428571429,0.4808783493411073,0.09166887512619966,0.39929339337371383,0.028224701205964573,-6.531904698535537e-05
12,61058,Nicht-ORSY,210,1991.2867142857144,14.571428571428571,3.6619047619047618,0.2891745896988752,0.6049962044538143,0.07923012595985036,0.029859694987447227,-0.003260615099987181
12,61058,ORSY,17,17507.409411764704,91.82352941176471,7.411764705882353,0.37127323274421126,0.3583891276423471,0.22544996058730526,0.04632888826826452,-0.0014412092421281376
12,61222,Nicht-ORSY,139,2385.108201438849,17.949640287769785,2.8129496402877696,0.1857108224317362,0.6773745146553601,0.09933430100805211,0.03837058945446969,-0.0007902275496181046
12,61222,ORSY,21,20037.518095238094,76.38095238095238,5.857142857142857,0.3165871897820442,0.425444310311705,0.20904770861626054,0.05890692997608469,-0.00998613868609434
12,61621,Nicht-ORSY,234,2176.1629914529917,14.252136752136753,4.782051282051282,0.22350136944581386,0.5290264979495591,0.1982518956006051,0.049792459417061036,-0.000572222413039148
12,61621,ORSY,17,29642.201764705882,135.23529411764707,7.117647058823529,0.48681480857415993,0.29989698480957916,0.17846164439132448,0.03644741135299241,-0.0016208491280559213
12,61940,Nicht-ORSY,157,2804.7461783439494,16.910828025477706,3.4713375796178343,0.18701490684904565,0.672937602185876,0.09264833234696916,0.04826706439657673,-0.0008679057784674147
12,61940,ORSY,14,15821.380714285713,87.92857142857143,6.142857142857143,0.34488147191348695,0.5479613765134791,0.07687776833987718,0.034061078266848836,-0.003781695033692015
12,61996,Nicht-ORSY,125,3839.31576,18.912,3.768,0.10958707522697674,0.7751116789748155,0.0806567719339435,0.036734096026156036,-0.0020896221618918282
12,61996,ORSY,12,45180.682499999995,134.08333333333334,12.083333333333334,0.2306254081058361,0.6007440930020488,0.1540687399940824,0.016312216840356813,-0.0017504579423241642
12,62098,Nicht-ORSY,117,2461.7205982905984,10.905982905982906,3.4871794871794872,0.39668792533022207,0.41755689526636,0.09533585833067149,0.09075555319029902,-0.000336232117552515
12,62098,ORSY,22,10451.93409090909,34.04545454545455,3.6363636363636362,0.5311254561993017,0.19691675119826685,0.2390249080360913,0.04467090246959663,-0.011738017903256499
12,62119,Nicht-ORSY,160,3977.581875,22.11875,5.2,0.15839698242508712,0.6969089216644685,0.09262775082677295,0.053109794853651124,-0.0010434497699796726
12,62119,ORSY,21,32784.19238095238,100.33333333333333,12.333333333333334,0.36985755558334404,0.2963200419731436,0.29656074197926036,0.037276911656744946,-1.5251192492940714e-05
12,62488,Nicht-ORSY,160,2513.2745,14.7875,4.775,0.13923980194007518,0.7303412737023243,0.10072418120638212,0.03546062827065055,-0.00576588511943213
12,62488,ORSY,10,22128.916999999998,92.5,8.1,0.46690267397269347,0.37250282832287035,0.10331014111276264,0.059684244617376855,-0.0023998880257032275
12,62799,Nicht-ORSY,212,3722.8358490566034,16.92924528301887,4.514150943396227,0.2706579974684131,0.5292610701576519,0.15462282407136488,0.04583733488266164,-0.0003792265800915545
12,62799,ORSY,25,16410.9164,78.96,6.92,0.27243703985191386,0.44400298876806105,0.24056364795728313,0.04513702548321447,-0.0021407020604725497
12,62980,Nicht-ORSY,200,3146.2877000000003,18.19,5.03,0.1744373627971394,0.6405368893525012,0.13035352319702503,0.055557288605396576,-0.0008850639520622325
12,62980,ORSY,20,20321.5555,88.15,10.45,0.1976690767276289,0.3956956645525541,0.32484169188914597,0.08179356683067106,0.0
12,63361,Nicht-ORSY,213,2130.232629107981,11.258215962441314,3.76056338028169,0.19267786320063543,0.5445952894837833,0.19856274887546796,0.06579579326756883,-0.001631694827455475
12,63361,ORSY,10,10623.793000000001,51.0,4.9,0.4267213124609631,0.33451771028857225,0.213319326644982,0.025441650605482702,0.0
12,63413,Nicht-ORSY,158,3008.3864556962026,15.69620253164557,4.727848101265823,0.21276922322459121,0.6629889021196814,0.09894933980486054,0.025506199785514137,-0.00021366493464733538
12,63413,ORSY,12,26888.553333333333,117.41666666666667,9.0,0.20093415267990503,0.6077453666935657,0.1308432818655845,0.06049553459181287,-1.833583086810672e-05
12,63428,Nicht-ORSY,1,30.36,1.0,1.0,0.0,1.0,0.0,0.0,0.0
12,63445,Nicht-ORSY,160,2427.2364375,11.31875,3.4,0.20396221167513834,0.5463941819347038,0.18929662777953907,0.061321522542557086,-0.0009745439319382524
12,63445,ORSY,13,14860.317692307694,65.53846153846153,5.076923076923077,0.23260813948259734,0.3637239703798899,0.3000196342285558,0.10924899586624282,-0.005600739957285907
12,63592,Nicht-ORSY,257,2914.565680933852,15.30739299610895,3.735408560311284,0.2665071663398791,0.7217505772573191,0.014533144568629714,0.016048032921446544,-0.018838921087274425
12,63592,ORSY,11,16645.767272727273,93.0,7.545454545454546,0.16504994079535146,0.7025301634300409,0.09848482457517765,0.0346775602022444,-0.0007424890028144882
12,63805,Nicht-ORSY,167,1332.988622754491,8.646706586826348,3.754491017964072,0.3181932414957993,0.4459695366595574,0.17485069084028687,0.06235408227749068,-0.001367551273134263
12,63805,ORSY,9,9869.392222222223,39.0,3.5555555555555554,0.5475620004162536,0.22045868117238365,0.2091086783249868,0.022870640086375977,0.0
12,63838,Nicht-ORSY,122,2913.290081967213,11.557377049180328,2.9836065573770494,0.47212722796022777,0.3508339480032019,0.09615232993041892,0.08088649410615145,0.0
12,63838,ORSY,19,13366.866315789473,52.473684210526315,4.473684210526316,0.6107546992943035,0.060763185566055755,0.2093823772595862,0.11909973788005451,0.0
12,64106,Nicht-ORSY,171,2667.1512280701754,16.982456140350877,3.2280701754385963,0.1893295030055193,0.7435220064614805,0.03719561689806032,0.030323913708246213,-0.0003710400733062953
12,64106,ORSY,30,24312.966,100.06666666666666,6.333333333333333,0.3212364604827146,0.5109210269298655,0.15595209960115766,0.012248994224112323,-0.0003585812378500495
12,64116,Nicht-ORSY,213,2777.2400938967135,18.600938967136152,3.7417840375586855,0.1774302929281644,0.7761942510652806,0.015972268774415904,0.030817765173299174,-0.0004145779411601052
12,64116,ORSY,15,29273.302000000003,131.66666666666666,8.8,0.2191840280916673,0.6525026878600235,0.022976036691624027,0.10572325092112152,-0.0003860035644363539
12,67050,Nicht-ORSY,5,3448.818,45.2,1.0,0.0,1.0,0.0,0.0,0.0
13,60294,Nicht-ORSY,148,3509.6394594594594,18.93243243243243,8.358108108108109,0.07688125691772814,0.5970042911102919,0.19933362382775777,0.1278817578566194,-0.001100929712397184
13,60294,ORSY,15,21882.709333333336,85.0,10.0,0.21206467272520602,0.36780426909985153,0.34340988467795214,0.08061627591092241,-0.003895102413932049
13,61047,Nicht-ORSY,95,3769.2937894736847,19.810526315789474,3.9263157894736844,0.18361852663052258,0.6543997083343451,0.11145369954409942,0.050539553163458976,-1.148767242614885e-05
13,61047,ORSY,11,9242.427272727273,63.0,4.7272727272727275,0.3214447517084815,0.46126913342889325,0.15478905382663294,0.09251189247555262,-0.030014831439560356
13,61652,Nicht-ORSY,289,2927.9947750865053,16.491349480968857,3.8996539792387543,0.1445320913477777,0.7907047482537586,0.034699260078703914,0.031579339759377115,-0.001515439439617341
13,61652,ORSY,13,16786.715384615385,91.84615384615384,5.3076923076923075,0.22455517843019968,0.6791877846228769,0.07712554125848983,0.03564047459995014,-0.01650897891151649
13,61999,Nicht-ORSY,193,2471.6082901554405,17.77720207253886,3.1243523316062176,0.2112653743848915,0.6393533185538716,0.11271582477455139,0.03808502005905405,-0.0014195377723685329
13,61999,ORSY,27,11911.364814814813,70.66666666666667,6.925925925925926,0.2115577109942118,0.5064278189166773,0.2584273267567418,0.024630090159953197,-0.0010429468275841344
13,62050,Nicht-ORSY,203,3353.546403940887,20.039408866995075,5.300492610837439,0.1174560338115801,0.7342958992215172,0.11844861936632946,0.02943952193008269,0.0003599256704905974
13,62050,ORSY,10,46835.687,247.2,16.1,0.28281750986346826,0.5161874485001862,0.1755273187436462,0.02681312009424829,-0.0013453972015489237
13,62998,Nicht-ORSY,301,2257.8167441860464,10.807308970099667,5.7574750830564785,0.20420455363881018,0.5587744361077095,0.16016975519014587,0.0782730526225847,-0.0014217975592501887
13,62998,ORSY,21,26034.33,105.0,7.666666666666667,0.4244108364035051,0.23887966005690375,0.22994696601474035,0.10799818748854814,-0.0012356499636973722
13,63128,Nicht-ORSY,320,2065.90465625,11.24375,5.115625,0.1373064741048536,0.661523445745736,0.15031443700652666,0.05198727822475625,-0.0011316350818725374
13,63128,ORSY,28,20461.492857142857,74.28571428571429,9.571428571428571,0.43693842205600325,0.19583195334745376,0.26539682968772854,0.10249582267165014,-0.0006630277628357029
13,63129,Nicht-ORSY,225,3192.9149333333335,18.342222222222222,4.497777777777777,0.14187292074824157,0.7123348056995533,0.10910321441702714,0.037135134998001876,-0.0004460758628238573
13,63129,ORSY,22,21568.867272727275,103.63636363636364,7.2727272727272725,0.2510592785753161,0.5447984640077692,0.17073519606118756,0.03444845247196986,-0.001041391116242813
13,63313,Nicht-ORSY,230,3075.6382608695653,14.647826086956522,4.056521739130435,0.16950729357329802,0.5799876336126285,0.17987349994735016,0.07108820730464524,-0.0004566344379219422
13,63313,ORSY,17,31352.08823529412,135.2941176470588,10.176470588235293,0.3487481936747131,0.2546478117194462,0.284733639434074,0.11261817934384648,-0.0007478241720798019
13,63498,Nicht-ORSY,151,4222.49178807947,18.62251655629139,2.7417218543046356,0.18130241578856526,0.6247599727194862,0.17397527102080634,0.027067823868214515,-0.007105483397072391
13,63498,ORSY,28,15263.24107142857,61.642857142857146,5.428571428571429,0.2915580624292019,0.38486933090482073,0.3005595206113652,0.023942682993191015,-0.0009295969385788481
13,63506,Nicht-ORSY,112,1712.470625,8.991071428571429,3.3392857142857144,0.47329733380880107,0.4333040466994338,0.05354129447656867,0.04132777272654242,-0.0014704477113459094
13,63506,ORSY,23,14799.33304347826,53.30434782608695,5.521739130434782,0.6136551055037399,0.2395083938051742,0.09108308926910795,0.05625634955018424,-0.0005029381282063325
13,63512,Nicht-ORSY,314,3342.5253184713374,18.929936305732483,4.662420382165605,0.15670832126726422,0.6933251380699986,0.0927838365316108,0.058669296239364545,-0.0014865921082382583
13,63512,ORSY,34,25204.171470588233,98.41176470588235,7.588235294117647,0.33014188216275125,0.3693939000287998,0.2653712951783795,0.03826681464910542,-0.00317389201903589
13,63684,Nicht-ORSY,170,1708.9801176470587,9.411764705882353,3.323529411764706,0.4032652357394166,0.3903105754247514,0.12946537640925063,0.0770607823539871,-0.0001019699274056156
13,63684,ORSY,17,17356.195882352942,72.23529411764706,6.0,0.7050810593837628,0.14418627539964435,0.12335484408200872,0.028025811108119112,-0.0006479899735349929
13,64066,Nicht-ORSY,104,2617.0528846153848,17.365384615384617,4.211538461538462,0.1381926524623841,0.7158471325246865,0.09394986042531166,0.05663593735734318,-0.004625582769725345
13,64066,ORSY,14,33438.247142857144,138.07142857142858,11.428571428571429,0.2584894982818848,0.4314612223559048,0.2208628628490401,0.08965864039921487,-0.000472223886044554
13,64085,Nicht-ORSY,208,3464.612403846154,19.875,5.091346153846154,0.21847511982902837,0.5771577636742319,0.1390669002919325,0.06550436544627058,-0.0002041492414633823
13,64085,ORSY,21,20197.83476190476,88.80952380952381,6.523809523809524,0.3439695447053254,0.40448144370986855,0.22982347527937586,0.02379113559647971,-0.002065599291049482
13,64089,Nicht-ORSY,219,3258.6461187214613,16.19634703196347,3.958904109589041,0.165327485592733,0.76764739794011,0.044543001581423866,0.02333545007921474,-0.0008533351934816633
13,64089,ORSY,15,10809.294666666667,56.2,7.533333333333333,0.24226750106433587,0.6279704650234019,0.11769919272642791,0.01206608079135492,-3.239605520627293e-06
13,64098,Nicht-ORSY,223,3075.394260089686,17.22421524663677,3.600896860986547,0.22313110109406345,0.6863814538206338,0.0603685010125163,0.030567112778082366,-0.0004481687052958083
13,64098,ORSY,28,19610.846071428572,70.17857142857143,6.964285714285714,0.3344851275009055,0.49633152071593367,0.15293362009789518,0.01753657054818544,-0.0012868388629197955
13,64117,Nicht-ORSY,170,2879.710411764706,17.211764705882352,5.017647058823529,0.10035922746270917,0.8175357288997179,0.04289290985742159,0.039508496429459895,-0.00029636264930849043
13,64117,ORSY,17,14273.847647058823,80.17647058823529,7.352941176470588,0.18290271081141016,0.663073067503936,0.06972974089734083,0.08397603740477498,0.0003184433825380386
13,65002,Nicht-ORSY,147,2832.846462585034,17.537414965986393,5.244897959183674,0.21473018357376103,0.5503357232147905,0.10159951170996799,0.13522276998141428,-0.0018881884799338787
13,65002,ORSY,15,18466.226000000002,71.33333333333333,6.333333333333333,0.4396445603643634,0.29105311312886567,0.14367434887343125,0.1265221915736163,-0.0008942139402765977
13,66789,Nicht-ORSY,83,3464.4818072289154,10.855421686746988,2.927710843373494,0.4751628434033168,0.27581828114693263,0.1897261169562188,0.059292758493531765,0.0
13,66789,ORSY,17,25713.112352941174,73.52941176470588,5.882352941176471,0.6111959936700141,0.057858217412568025,0.21110296716185697,0.11984282175556087,0.0
13,67035,Nicht-ORSY,13,1871.823076923077,20.692307692307693,0.9230769230769231,0.0,1.0011488411289107,0.0,0.001951237965914063,-0.0031000790948246893
13,68063,Nicht-ORSY,207,2289.804106280193,15.405797101449275,5.019323671497585,0.11842207971692684,0.5960402486556039,0.24114903325335893,0.044310536644235864,7.810172987444653e-05
13,68063,ORSY,16,22630.625625,121.875,10.0,0.3955956011950181,0.3534696401557735,0.21641792819538566,0.03708357860503283,-0.002566748151210098
13,70013,Nicht-ORSY,2,1832.54,19.0,5.5,0.0,1.0,0.0,0.0,0.0
14,60295,Nicht-ORSY,160,2024.6901874999999,8.65625,3.06875,0.5059660906034175,0.31145931003918714,0.12820942085384282,0.06397341949734227,-0.009608240993789704
14,60295,ORSY,29,13191.310689655173,54.0,4.620689655172414,0.7535850253046219,0.06271887196257458,0.16438237908073228,0.01954759470601687,-0.0002338710539455811
14,61041,Nicht-ORSY,132,2663.075984848485,15.242424242424242,8.856060606060606,0.2121106360161371,0.5320488275749183,0.1626101476552718,0.09335941484085457,-0.0001290260871817813
14,61041,ORSY,18,23673.754444444447,91.83333333333333,9.166666666666666,0.26052112726260707,0.33437808889665693,0.24686784392457886,0.15958980259862773,-0.0013568626824705479
14,61460,Nicht-ORSY,194,2907.482113402062,18.329896907216494,4.201030927835052,0.2856471568177722,0.5869008220734305,0.08679973040917423,0.04082437285967474,-0.0001720821600516814
14,61460,ORSY,9,13032.41,62.0,6.222222222222222,0.3169823256774373,0.32773060075156735,0.2527144561494329,0.10257261742156253,0.0
14,61461,Nicht-ORSY,241,2798.515601659751,15.257261410788383,4.804979253112033,0.21336463599624092,0.4577413324408562,0.17082818855397652,0.15848596788776256,-0.0004201248788361849
14,61461,ORSY,23,26303.34956521739,97.56521739130434,8.26086956521739,0.37423215214419636,0.25000579356996677,0.3063486536771045,0.06993175564653165,-0.0005183550377992976
14,62040,Nicht-ORSY,141,2615.4979432624114,17.347517730496453,3.141843971631206,0.28061040923532476,0.5424958783055306,0.1352317933495295,0.050744803403311854,-0.009082884293696726
14,62040,ORSY,25,17593.0144,93.72,4.24,0.27955413978800864,0.26814083733666355,0.3994790731494841,0.05549829627213507,-0.0026723465462913302
14,62211,Nicht-ORSY,225,2480.6897777777776,13.124444444444444,2.96,0.20908838086465048,0.685496997275246,0.038948096163617864,0.0670470683226387,-0.0005805426261530028
14,62211,ORSY,12,17637.371666666666,84.58333333333333,5.75,0.1810516553619619,0.5305940565327464,0.23394165560299185,0.05517017418954389,-0.0007575416872440611
14,63007,Nicht-ORSY,194,2600.415,16.943298969072163,4.824742268041237,0.140699566495994,0.5908986520217021,0.1631287396650851,0.10647787940214819,-0.001204837584929338
14,63007,ORSY,26,26161.87923076923,116.26923076923077,7.269230769230769,0.33280101091687064,0.33021815437833085,0.2640887342503201,0.0741136110799406,-0.0012215106254621745
14,63085,Nicht-ORSY,171,2392.648128654971,15.883040935672515,3.695906432748538,0.16733774174524926,0.6206359972530003,0.1290187890873347,0.08338980346787314,-0.00038233155345732486
14,63085,ORSY,17,19180.613529411763,68.47058823529412,9.176470588235293,0.37301683560349835,0.2367001050649011,0.3233240182118075,0.07058860791465829,-0.0036295667948652373
14,63298,Nicht-ORSY,1,163.26,1.0,1.0,0.0,1.0,0.0,0.0,0.0
14,63382,Nicht-ORSY,202,1875.39,10.564356435643564,4.074257425742574,0.27848559418625585,0.5286630270887418,0.13574837757975688,0.05752376549448093,-0.0004207643492354735
14,63382,ORSY,23,15303.488260869564,64.95652173913044,5.869565217391305,0.5638042025491184,0.09976938593680713,0.21299311716612596,0.12537947659087778,-0.001946182242929277
14,63427,Nicht-ORSY,126,3570.7692857142856,19.658730158730158,4.0396825396825395,0.15396953667311056,0.6757217839155095,0.1268153948158946,0.04465887919184104,-0.001165594596355742
14,63427,ORSY,20,25565.0565,97.75,6.65,0.4781575642685138,0.3535683030654843,0.11210251754539147,0.05649070187366739,-0.0003190867530569811
14,64088,Nicht-ORSY,221,1681.563891402715,11.900452488687783,3.669683257918552,0.21528426069671233,0.556061776426501,0.14450501067006213,0.0844575910869467,-0.00030863888022219604
14,64088,ORSY,19,15256.934210526315,62.0,6.526315789473684,0.4469775669055864,0.18344331710804043,0.2835302349306044,0.0866567830968602,-0.0006079020410914363
14,64092,Nicht-ORSY,165,3158.3284242424243,18.587878787878786,3.484848484848485,0.23663776044372778,0.6942292708893586,0.04707316469780747,0.0240200056217075,-0.001960201652601372
14,64092,ORSY,21,23403.385238095238,119.47619047619048,10.0,0.3087316871032635,0.5120662626792122,0.1514404941797179,0.028811293102868223,-0.0010497370650617405
14,64114,Nicht-ORSY,272,2315.965588235294,14.397058823529411,3.1948529411764706,0.2871533161993291,0.6236020901948115,0.043861716974131035,0.04640693143813763,-0.0010240548064092167
14,64114,ORSY,9,21267.433333333334,97.33333333333333,5.333333333333333,0.16767585809065363,0.6236244648204475,0.1579591965106861,0.06112420074914601,-0.010383720170933293
14,65014,Nicht-ORSY,2,356.83000000000004,2.0,3.0,0.4071619947567054,0.5,0.09283800524329464,0.0,0.0
14,67031,Nicht-ORSY,7,5547.085714285715,40.714285714285715,0.8571428571428571,0.0,1.0,0.0,0.0,0.0
14,68139,Nicht-ORSY,181,2144.0467955801105,15.03867403314917,2.867403314917127,0.2204455885216669,0.6321322040311871,0.09052927688893747,0.05761814309497788,-0.0007252125367693568
14,68139,ORSY,17,16817.285294117646,83.82352941176471,7.176470588235294,0.38894138411241946,0.3445554748944993,0.16702356307392546,0.10272224651056439,-0.003242668591408622
14,68150,Nicht-ORSY,125,2288.5146400000003,14.496,3.304,0.4959725403554227,0.3534910975179765,0.11892214497804246,0.03198014539728335,-0.0003659282487250925
14,68150,ORSY,25,13193.0168,57.2,6.04,0.6272744643231298,0.1088433521809246,0.2271713508995127,0.03790108324457559,-0.0011902506481426575
15,60393,Nicht-ORSY,174,2507.104195402299,15.218390804597702,4.172413793103448,0.19974243524877353,0.5340406987943517,0.1788109431021046,0.08754164482291658,-0.00013572196814645544
15,60393,ORSY,11,14691.705454545456,80.0,6.363636363636363,0.45255564540688265,0.3403231064314274,0.1947107286984939,0.012909373274647916,-0.0004988538114518523
15,60394,Nicht-ORSY,182,2020.1915934065935,13.978021978021978,3.6648351648351647,0.26124042908083506,0.6826174429708749,0.04023568115698258,0.017790262255753336,-0.0018838154644458798
15,60394,ORSY,28,32168.41107142857,99.46428571428571,6.535714285714286,0.3057050154457646,0.50914111980331,0.10708788110344027,0.0801297204439108,-0.0020637367964256733
15,60846,Nicht-ORSY,225,4152.621377777778,22.4,5.088888888888889,0.2556050667540796,0.5644411659198054,0.17133807412170307,0.06364736657743844,-0.05503167337302663
15,60846,ORSY,20,36901.659,127.35,6.9,0.352805319403054,0.4229949363634765,0.16628055207176376,0.058289407376605984,-0.00037021521490017276
15,61947,Nicht-ORSY,5,255.32,1.6,3.4,0.0,0.8,0.2,0.0,0.0
15,62054,Nicht-ORSY,260,2603.6111923076924,15.173076923076923,5.0576923076923075,0.2024732523310585,0.6054856047055251,0.14134380964807888,0.051874117679913595,-0.0011767843645761372
15,62054,ORSY,11,12374.942727272726,67.27272727272727,7.2727272727272725,0.32557035703801324,0.5789879434625719,0.0423057954722283,0.05397698176471502,-0.0008410777375283531
15,62072,Nicht-ORSY,322,1624.7643167701863,8.630434782608695,3.7546583850931676,0.22087408433051064,0.5469676506426793,0.1777777623532231,0.05533431948153343,-0.0009538168079463989
15,62072,ORSY,15,13887.092666666667,54.13333333333333,3.8,0.38042872906520225,0.21501745641718095,0.3587425307889779,0.058187394215477875,-0.012376110486838983
15,62083,Nicht-ORSY,154,3149.359155844156,19.337662337662337,5.253246753246753,0.19874405198810374,0.5312236865331204,0.18535205025596962,0.08524685248474463,-0.0005666412619384026
15,62083,ORSY,22,16485.845,69.0909090909091,5.863636363636363,0.4671424626075644,0.2824019910237738,0.1836171277540228,0.06742360797102756,-0.0005851893563884835
15,62497,Nicht-ORSY,180,2400.3256666666666,12.822222222222223,6.972222222222222,0.27021850363597866,0.4388884074851528,0.21377438900105913,0.07715118411826366,-3.2484240454239605e-05
15,62497,ORSY,17,11182.04411764706,57.76470588235294,10.411764705882353,0.4636042099040102,0.18554188377529238,0.23190599440857768,0.11914037662760858,-0.0001924647154887737
15,63055,Nicht-ORSY,265,2722.4111320754714,15.766037735849057,3.290566037735849,0.20616396334574372,0.7441038774669175,0.03584215364959164,0.014776171244651908,-0.0008861657069047867
15,63055,ORSY,22,25083.936363636363,88.77272727272727,5.363636363636363,0.2690953697997019,0.6783716565789661,0.04340512797949285,0.009946780621688238,-0.0008189349798490831
15,63117,Nicht-ORSY,84,2392.828095238095,8.785714285714286,2.869047619047619,0.3159939834322304,0.3622765414460178,0.18023435213423933,0.1419309024438482,-0.00043577945633568367
15,63117,ORSY,19,11156.694736842106,41.8421052631579,3.736842105263158,0.5693602328307932,0.12233532503146262,0.22362117094223824,0.08468327119550594,0.0
15,63324,Nicht-ORSY,135,2940.7795555555554,19.822222222222223,3.8222222222222224,0.15664140296284054,0.6850767349508722,0.10997667237082691,0.049678929207740884,-0.0013737394922805366
15,63324,ORSY,19,29828.141578947365,125.26315789473684,10.631578947368421,0.3920248863858543,0.3637869463824852,0.21218005706834334,0.0340911625165771,-0.0020830523532599913
15,63443,Nicht-ORSY,117,2262.2384615384617,9.837606837606838,2.700854700854701,0.46000781969627336,0.3393075207359753,0.11592831269776686,0.0847563468699845,0.0
15,63443,ORSY,19,18791.169473684207,68.78947368421052,5.0,0.6243321686085812,0.110724837266096,0.21781303711947084,0.0472518529935388,-0.00012189598768681224
15,63446,Nicht-ORSY,352,1813.7774147727273,9.210227272727273,3.6875,0.22336283093484335,0.5838498698916038,0.14413931625805693,0.052604089323130876,-0.003956106407634898
15,63446,ORSY,29,18664.57448275862,94.17241379310344,6.413793103448276,0.526711476614384,0.14685024784177056,0.2591394493594637,0.06820441310559079,-0.000905586921209074
15,63447,Nicht-ORSY,189,2337.617142857143,14.518518518518519,3.1746031746031744,0.2152417003508786,0.6836752574097573,0.07629090337069774,0.024792138868666345,0.0
15,63447,ORSY,18,31062.297777777778,148.11111111111111,8.166666666666666,0.40070697283882933,0.2980958283013769,0.2568600437634038,0.04478186836061812,-0.0004447132642281096
15,64004,Nicht-ORSY,187,2173.404064171123,12.754010695187166,6.101604278074866,0.17041502384465926,0.4238652264654754,0.17503709003972845,0.2312688584515569,-0.000586198801420019
15,64004,ORSY,9,21783.405555555553,74.11111111111111,6.888888888888889,0.23879223471351332,0.32262119275084006,0.37175521228536473,0.06709695694867181,-0.0002655966983899979
15,64055,Nicht-ORSY,254,3740.5903149606297,19.41732283464567,4.299212598425197,0.19526478920864807,0.6546027353747289,0.1328753614163107,0.01750376764849104,-0.0002466536481788047
15,64055,ORSY,20,13433.177,63.85,5.0,0.4298990665003761,0.36598158651769486,0.17541257630989127,0.028933489847721094,-0.000226719175683299
15,64086,Nicht-ORSY,184,2593.4942934782607,14.652173913043478,3.592391304347826,0.19287535236482303,0.7321110706902485,0.0384069816676255,0.036701458015069625,-9.486273776674242e-05
15,64086,ORSY,24,25865.21875,88.41666666666667,9.875,0.3186377227326688,0.4969795892263415,0.16204121993921353,0.022736022386920487,-0.00039455428514429276
15,64093,Nicht-ORSY,197,3361.213705583756,16.598984771573605,3.6091370558375635,0.26869193068009245,0.5946055193454091,0.08856237589515822,0.048495875600694203,-0.00035570152135391646
15,64093,ORSY,17,50507.872941176465,108.29411764705883,11.764705882352942,0.32234240475817205,0.41619024311119374,0.2329036713318275,0.029559020411253384,-0.0009953396124465599
15,64118,Nicht-ORSY,134,3646.6783582089556,20.98507462686567,4.082089552238806,0.23964076955015645,0.6298053605077265,0.10302212693316172,0.028010985660127847,-0.00047924265117251717
15,64118,ORSY,12,22011.8075,97.58333333333333,8.583333333333334,0.4232054248178354,0.3699995049756606,0.17367554625489978,0.033119523951604314,0.0
15,65015,Nicht-ORSY,1,6064.87,10.0,2.0,0.0,0.3795959352797339,0.2882947202495684,0.3321093444706977,0.0
15,66045,Nicht-ORSY,142,2291.375352112676,14.838028169014084,3.704225352112676,0.27710788796473423,0.5200787974427385,0.14663495819853709,0.05393910410088736,0.002239252293102827
15,66045,ORSY,20,11247.735499999999,60.1,4.6,0.3326832668439718,0.422021336450642,0.20911881460336032,0.03631618756960619,-0.00013960546758033388
15,66056,Nicht-ORSY,103,2710.671941747573,11.466019417475728,3.4174757281553396,0.35788732141477264,0.3169018771462706,0.24071051628387835,0.0799533711987756,0.004546913956302763
15,66056,ORSY,19,14539.378947368421,47.89473684210526,6.894736842105263,0.6926013051757208,0.04318226233046847,0.25139526938991513,0.014871143340804216,-0.00204998023690867
15,67037,Nicht-ORSY,10,1740.239,27.3,1.6,0.0,0.9462831868000825,0.0,0.0537168131999176,0.0
16,61029,Nicht-ORSY,186,2879.988172043011,16.20967741935484,3.7419354838709675,0.27392239818617664,0.5764694381091676,0.07157952811288529,0.06853754879946959,0.009491086792300887
16,61029,ORSY,31,26375.878064516128,97.0,6.838709677419355,0.28370664181719724,0.4431618452010458,0.2133200480257372,0.06044820505684423,-0.0006367401008244456
16,61619,Nicht-ORSY,201,1759.6761691542288,10.393034825870647,2.572139303482587,0.3082425790479049,0.5223008357214479,0.10022743790378705,0.06939475998188116,-0.00016561265502104173
16,61619,ORSY,17,18646.290588235293,63.1764705882353,4.764705882352941,0.578186519406889,0.186905680607675,0.1855536128043474,0.049847143011142014,-0.0004929558300535101
16,62222,Nicht-ORSY,149,3323.5324832214765,18.946308724832214,5.671140939597316,0.30885923229158946,0.38872373715169495,0.20358119967304955,0.09917911228424087,-0.0003432814005747802
16,62222,ORSY,22,13147.187727272727,66.18181818181819,7.818181818181818,0.3040033467917057,0.38614275399712167,0.23554704847580482,0.07527782507150751,-0.0009709743361396417
16,62893,Nicht-ORSY,187,1413.6556684491977,7.684491978609626,2.9946524064171123,0.20100588119248558,0.5932215055418268,0.15683976210831735,0.05238475290413573,-0.003451901746765528
16,62893,ORSY,15,19159.86133333333,75.0,4.266666666666667,0.5353737829725279,0.20561402985431523,0.21308540792746256,0.046294537369306284,-0.00036775812361200327
16,63028,Nicht-ORSY,78,1719.7814102564105,8.884615384615385,3.2564102564102564,0.5430417751669047,0.234374334734896,0.14648121099606667,0.0761026791021326,0.0
16,63028,ORSY,14,14249.671428571428,52.92857142857143,7.0,0.6459403784331761,0.07259713771019526,0.23022107827641866,0.05124140558020996,0.0
16,63088,Nicht-ORSY,219,1992.7278538812786,10.141552511415526,2.675799086757991,0.23761533920794128,0.5281951076965479,0.13465987245833264,0.10229568503592855,-0.0027660043987503265
16,63088,ORSY,25,23208.327999999998,93.08,6.68,0.28688970863906404,0.35883367582381864,0.20234186854548494,0.14869058929438858,0.003244157697243792
16,63121,Nicht-ORSY,73,2837.0442465753426,11.054794520547945,2.780821917808219,0.43836256873771995,0.3573879494914687,0.07829337446132563,0.1259974310953076,-4.132378582186176e-05
16,63121,ORSY,25,14892.003200000001,63.12,5.64,0.7414495002527894,0.06295403611876389,0.16880924383887785,0.026787219789568873,0.0
16,63327,Nicht-ORSY,79,2622.1462025316455,14.89873417721519,4.7215189873417724,0.292128452080467,0.5094411268860783,0.10768821814372798,0.0910999913793213,-0.00035778848959457343
16,63327,ORSY,18,22676.062777777777,95.44444444444444,11.666666666666666,0.45660114543007235,0.3294803548694826,0.17887077857566203,0.040077561789221255,-0.005029840664438138
16,63331,Nicht-ORSY,125,3360.0724,13.768,2.84,0.6241568755242447,0.21351409927053314,0.09536053485617407,0.0670044655358242,-3.5975186776075455e-05
16,63331,ORSY,26,19843.401153846153,65.3076923076923,7.346153846153846,0.6501203875987238,0.10293171153424942,0.20573643338258324,0.04106724064860829,0.00014422683583532162
16,63340,Nicht-ORSY,200,2599.13485,13.705,4.155,0.20951901235945591,0.5710973190896285,0.12068087427024567,0.10040978510517337,-0.0017069908245033497
16,63340,ORSY,15,22177.061999999998,74.0,10.866666666666667,0.3090103943936413,0.239310386553798,0.3438175509767904,0.10894303662442607,-0.0010813685486558357
16,63342,Nicht-ORSY,148,3415.7563513513514,18.0472972972973,5.162162162162162,0.28860416993158505,0.4268922657082359,0.16111046836136483,0.12636767991144418,-0.002974583912629986
16,63342,ORSY,18,19766.623333333337,94.5,8.166666666666666,0.2983263548892003,0.33427005229032075,0.17144121201106824,0.19842665531080794,-0.0024642745013971636
16,63529,Nicht-ORSY,154,2819.937142857143,16.064935064935064,4.9935064935064934,0.20444968054363388,0.6295244781850843,0.10789777684438412,0.059276008026919284,-0.0011479436000215529
16,63529,ORSY,16,12194.361875,50.4375,5.0625,0.35311304434326407,0.4274212607700061,0.18287747780909389,0.036588217077635925,0.0
16,63613,Nicht-ORSY,134,2939.6167164179105,17.52238805970149,3.0074626865671643,0.24469535275756407,0.6645188563836949,0.09620750172866885,0.01725604251695297,-0.02267775338688078
16,63613,ORSY,29,19370.713793103445,92.55172413793103,5.655172413793103,0.2643380736573943,0.45292517301791063,0.2310316052321718,0.05947284292228059,-0.007767694829757403
16,64028,Nicht-ORSY,188,2431.8410638297873,15.962765957446809,3.5904255319148937,0.20620557859019037,0.7019888249973025,0.05944326088017358,0.03438859302569409,-0.002026257493360589
16,64028,ORSY,21,19408.545714285716,83.14285714285714,8.857142857142858,0.34709212924818805,0.4724519311935082,0.11965792420749986,0.06130420923460437,-0.0005061938838005634
16,64104,Nicht-ORSY,95,3102.1895789473683,20.410526315789475,3.8105263157894735,0.1662028298773884,0.6015221861400288,0.15383688508237678,0.08018972099081761,-0.0017516220906116156
16,64104,ORSY,16,21024.755624999998,109.0,9.3125,0.23271557458964934,0.4722469352185291,0.24054912775011353,0.05520662491942195,-0.0007182624777139029
16,64122,Nicht-ORSY,53,2833.9964150943397,15.283018867924529,2.849056603773585,0.18932460365010778,0.6405563945316618,0.10251139893577801,0.0693326277164475,-0.001725024833995054
16,64122,ORSY,18,23448.941666666666,76.22222222222223,7.611111111111111,0.2211340001318521,0.4553167248586486,0.2245082078978654,0.10223692712328698,-0.0031958600116530674
16,64124,Nicht-ORSY,150,2093.9148666666665,12.686666666666667,3.4133333333333336,0.2078268292623671,0.7227403887268984,0.024752797008901813,0.045138163071624854,-0.00045817806979209913
16,64124,ORSY,7,26950.63,86.71428571428571,6.142857142857143,0.3535091829663532,0.5100176146829218,0.08500008926488326,0.05823090443656258,-0.006757791350720866
16,64214,Nicht-ORSY,103,3094.149223300971,18.75728155339806,3.883495145631068,-0.46543849436439794,1.1849985931069027,0.1690701818267129,0.11211238595863492,-0.0007426665278525356
16,64214,ORSY,7,36684.33285714286,106.42857142857143,6.285714285714286,0.07752085235497855,0.284283880177443,0.33075908748259025,0.3075624859801506,-0.00012630599516243174
16,65016,Nicht-ORSY,1,493.2,1.0,1.0,1.0,0.0,0.0,0.0,0.0
16,65492,Nicht-ORSY,23,1716.4986956521739,10.652173913043478,3.4347826086956523,0.23387519632059836,0.5964465266977119,0.09560274752676148,0.07385164551636202,0.00022388393856624726
16,65492,ORSY,7,15824.237142857144,49.285714285714285,4.142857142857143,0.16951316067441363,0.5276321899062134,0.12585003538289588,0.17821810107816902,-0.0012134870416919477
16,66042,Nicht-ORSY,166,2596.916325301205,14.367469879518072,4.228915662650603,0.24324180023759595,0.559186338649531,0.1586472224674083,0.041456002152078515,-0.002531363506613793
16,66042,ORSY,24,22973.8425,102.83333333333333,10.083333333333334,0.30280288570660335,0.3965152377513048,0.24096837606161656,0.06025342813751164,-0.0005399276570364114
16,67007,Nicht-ORSY,8,1440.6875,19.625,1.25,0.0,1.0,0.0,0.0,0.0
16,70016,Nicht-ORSY,1,391.31,3.0,1.0,0.2111625054304771,0.0,0.0,0.7888374945695229,0.0
16,80016,Nicht-ORSY,15,666.8573333333334,4.533333333333333,2.8666666666666667,0.33150370195650675,0.5665151184473048,0.017085291618503494,0.09103569686641835,-0.006139808888733451
16,80016,ORSY,3,19899.643333333333,86.0,4.0,0.3967569108633667,0.043767027342676845,0.5581495897063303,0.005209682682610506,-0.0038832105949844387
17,61502,Nicht-ORSY,165,5531.121212121212,18.10909090909091,5.721212121212122,0.18281665173080988,0.5168224895640565,0.18870485662632505,0.11329566926381751,-0.0016396671850089424
17,61502,ORSY,19,19559.353684210528,76.57894736842105,6.315789473684211,0.3243531844625323,0.24426945908720157,0.33348916619262897,0.09917754408432465,-0.0012893538266875119
17,61604,Nicht-ORSY,229,3099.531790393013,18.91703056768559,3.7598253275109172,0.15617349354982235,0.7726272535659094,0.05008758964368739,0.022882969532331647,-0.0017713062917508802
17,61604,ORSY,18,25242.12,91.38888888888889,6.833333333333333,0.42421971271402065,0.4525603242341591,0.11323865922330446,0.009960135864492325,2.1167964023450943e-05
17,62611,Nicht-ORSY,146,2895.100616438356,17.472602739726028,3.4383561643835616,0.21137226891843106,0.6418433315963717,0.07788520998018349,0.07115541151998493,-0.0022562220149712456
17,62611,ORSY,10,9488.382,53.9,7.9,0.29138760396617264,0.2918773252109936,0.37277466830270906,0.044652895961172584,-0.0006924934410478734
17,62733,Nicht-ORSY,210,3096.8449523809527,17.38095238095238,2.7666666666666666,0.29880015365028767,0.6448961989122093,0.029494289108914794,0.028203464234806984,-0.001394105906218703
17,62733,ORSY,19,27550.95210526316,80.47368421052632,6.157894736842105,0.3004017446583426,0.45819104879788075,0.20479388777853497,0.03723470463760347,-0.0006213858723617056
17,63122,Nicht-ORSY,210,2338.034714285714,13.504761904761905,3.6952380952380954,0.22620601554744982,0.6113506117231069,0.10403167478908099,0.05839198141838813,1.9716521974103015e-05
17,63122,ORSY,24,22278.710833333334,109.08333333333333,9.375,0.24775332271577985,0.42292047673569727,0.2727366395033086,0.0631482768745613,-0.006558715829347026
17,63236,Nicht-ORSY,1,63.78,1.0,2.0,0.0,0.0,1.0,0.0,0.0
17,63281,Nicht-ORSY,143,2968.7667832167836,19.363636363636363,3.797202797202797,0.24654743064091633,0.5437444183952058,0.14306296038512853,0.06753307551417756,-0.0008878849354281865
17,63281,ORSY,14,37980.47571428572,151.0,11.714285714285714,0.5030309886006873,0.19258503558604548,0.27248138998233845,0.032257936926041536,-0.0003553510951128518
17,63293,Nicht-ORSY,187,4346.552834224599,19.3048128342246,2.9679144385026737,0.17890399321219785,0.702680528361066,0.06669637889691568,0.054328461784758315,-0.0026093622549377515
17,63293,ORSY,22,19793.51409090909,79.68181818181819,5.5,0.2859103926146957,0.3863726161723384,0.2599012349852955,0.07784410407847783,-0.01002834785080732
17,63399,Nicht-ORSY,114,3296.619824561403,13.192982456140351,3.543859649122807,0.3469192408752836,0.3850334771168462,0.11563586738164987,0.15355529766787407,-0.0011438830416538167
17,63399,ORSY,20,12212.3735,42.2,5.7,0.5534788558073872,0.18171484519108436,0.24896445219563096,0.028052066530936216,-0.012210219725038723
17,63433,Nicht-ORSY,278,2950.2327338129494,14.741007194244604,4.956834532374101,0.1724522133294361,0.5996978524368536,0.14472993301556986,0.0832858348849829,-0.00016583366684242652
17,63433,ORSY,24,14794.474166666667,71.33333333333333,7.583333333333333,0.3192769572934045,0.35139291198599865,0.2624948802709067,0.06791224742300583,-0.0010769969733157377
17,63434,Nicht-ORSY,101,3542.0051485148515,15.613861386138614,4.306930693069307,0.45805886045893024,0.3897513007325692,0.0989740695118864,0.053328263749422414,-0.00011249445280820616
17,63434,ORSY,20,11182.841499999999,45.25,4.0,0.6280481779024141,0.17050846099331649,0.15507889744139083,0.04696667886081655,-0.0006022151979379005
17,63502,Nicht-ORSY,163,2320.4532515337423,14.343558282208589,3.8650306748466257,0.2902644275793878,0.4716367174077122,0.15068604900188254,0.0901300297839615,-0.0027172237729441093
17,63502,ORSY,20,18039.2535,82.35,6.3,0.5140321100970138,0.21128497657886808,0.19181976299200437,0.08312357476859512,-0.00026042443648133684
17,63511,Nicht-ORSY,119,2892.7540336134452,16.77310924369748,2.46218487394958,0.2693008403295615,0.6357344363031201,0.11600321847380064,0.03745666991667083,-0.05849516502315312
17,63511,ORSY,15,13288.440666666665,79.06666666666666,5.4,0.3005880890377915,0.40729822332980187,0.24041831709768,0.05356009331131512,-0.0018647227765884588
17,64021,Nicht-ORSY,205,2579.420829268293,16.13658536585366,3.6682926829268294,0.16787402349417155,0.6897039252722457,0.10571217862092847,0.03706163515196178,-0.00035176253930751215
17,64021,ORSY,22,20767.99909090909,112.31818181818181,6.818181818181818,0.3633146463066115,0.5123261014327345,0.09541807726095644,0.033472566555356645,-0.00453139155565906
17,64094,Nicht-ORSY,238,3179.0143277310926,18.718487394957982,3.6848739495798317,0.16850256695533847,0.7453882485891359,0.048891957776953945,0.03875212228196858,-0.0015348956033969254
17,64094,ORSY,16,20440.0775,72.5,5.0,0.28397684764282644,0.5555001305521468,0.14703423694115156,0.014918822968850923,-0.0014300381049756365
17,64107,Nicht-ORSY,148,2198.1848648648647,13.22972972972973,4.25,0.26483110288410383,0.4927811386286782,0.13534359113966685,0.10711557367645852,-7.140632890736772e-05
17,64107,ORSY,11,24128.582727272726,104.81818181818181,9.272727272727273,0.4511660098103601,0.21878911064033757,0.16019096854916437,0.16912654807192687,0.0007273629282110711
17,64999,Nicht-ORSY,187,3403.985347593583,14.48663101604278,3.7593582887700534,0.2201825424529289,0.6434495589262378,0.10046696681366811,0.036374617070385924,-0.00047368526322071216
17,64999,ORSY,15,24106.906666666666,93.33333333333333,7.266666666666667,0.4450241390416972,0.40657832750017625,0.11202544477262938,0.03673813688066384,-0.0003660481951666481
17,66001,Nicht-ORSY,224,3531.831696428572,19.200892857142858,3.9598214285714284,0.25734057857508036,0.6150148033523829,0.08897318362874118,0.039732475807126674,-0.0010610413633310675
17,66001,ORSY,31,13658.516451612904,62.193548387096776,5.096774193548387,0.33748235820479555,0.4536997716629381,0.16224216433108593,0.048056882647626545,-0.001481176846446149
17,67001,Nicht-ORSY,8,1007.1175000000001,11.875,0.875,0.0,1.0,0.0,0.0,0.0
17,68299,Nicht-ORSY,126,3438.585634920635,12.88888888888889,2.865079365079365,0.3876776900196117,0.41021603383004207,0.13615450958567368,0.0665882320298167,-0.0006364654651441127
17,68299,ORSY,26,27869.138076923075,85.34615384615384,6.153846153846154,0.5417266721901269,0.065605938393404,0.3222164293672422,0.07085576209909533,-0.0004048020498684492
17,68346,Nicht-ORSY,139,1988.4546762589928,8.928057553956835,2.985611510791367,0.2700789350354274,0.5453731211693903,0.11448858544330244,0.07014460547066172,-8.524711878188826e-05
17,68346,ORSY,11,29576.398181818182,80.18181818181819,8.909090909090908,0.5387875312964003,0.2535784126261284,0.18901089785093886,0.018810352824631213,-0.00018719459809874057
17,68349,Nicht-ORSY,156,1825.054487179487,10.884615384615385,3.8141025641025643,0.19198585712640953,0.5740305675675185,0.13450035090448617,0.10053002543890067,-0.001046801037314868
17,68349,ORSY,12,17131.2775,83.58333333333333,5.25,0.6170297808669546,0.19350927661427844,0.15644706392616875,0.04672637761913295,-0.013712499026534835
17,68355,Nicht-ORSY,110,1219.3457272727273,7.7727272727272725,4.2272727272727275,0.23301332746161932,0.6033794191449607,0.11615788159379117,0.05499429973858006,-0.007544927938951317
17,68355,ORSY,1,55581.27,226.0,8.0,0.22050863537303125,0.5363555024921165,0.17981201221202756,0.08314689462835233,-0.0198230447055276
17,68361,Nicht-ORSY,177,1670.8736723163843,8.903954802259888,2.6779661016949152,0.26710355795715285,0.5364630453173682,0.12108963921035429,0.07547484070633101,-0.0001310831912063672
17,68361,ORSY,18,13403.973333333335,55.77777777777778,3.2777777777777777,0.4217598266669437,0.34577611632331445,0.18247178531538832,0.05053686042322604,-0.0005445887288725064
18,61003,Nicht-ORSY,236,2620.038898305085,14.016949152542374,4.110169491525424,0.21879020375862213,0.6612710119349794,0.06586026045216611,0.0564847399529638,-0.0024062160987313964
18,61003,ORSY,16,22930.733125,69.8125,5.25,0.39992543963175436,0.3821272381647813,0.12815492986782992,0.09047891409952236,-0.0006865217638879449
18,61270,Nicht-ORSY,160,2791.06725,15.29375,4.8,0.22253120263374124,0.6500842720014871,0.09729268283877196,0.03052402708909267,-0.00043218456309299883
18,61270,ORSY,12,33477.79416666667,73.08333333333333,6.416666666666667,0.36513837392848475,0.3690455103490962,0.23313577300962107,0.0326989716198217,-1.8628907023734717e-05
18,62025,Nicht-ORSY,193,3352.392901554404,15.606217616580311,4.310880829015544,0.03508645998912847,0.7740551148791165,0.16211031112577834,0.028242312680792973,0.0005058013251836693
18,62025,ORSY,23,30087.916521739127,97.82608695652173,13.26086956521739,0.39364733273319075,0.3668048072427243,0.2082231122233213,0.03422199982802387,-0.002897252027260188
18,63199,Nicht-ORSY,4,211.7925,1.75,1.25,0.0,0.5542168674698795,0.4457831325301205,0.0,0.0
18,63336,Nicht-ORSY,176,1928.94,10.596590909090908,4.1647727272727275,0.22813994041802307,0.5414848574216731,0.1767424511476621,0.05490043165844627,-0.0012676806458044958
18,63336,ORSY,10,17643.466,74.7,6.9,0.40436837426491873,0.3593089365628286,0.19320478578505673,0.04347612422453688,-0.0003582208373409422
18,63338,Nicht-ORSY,178,3360.7629775280893,14.842696629213483,4.022471910112359,0.1586118672949793,0.636943411730654,0.15086162313068183,0.05467875630969481,-0.0010956584660100346
18,63338,ORSY,15,22019.472,100.4,7.933333333333334,0.2968424046665066,0.45226845721152953,0.21049746570606354,0.0434392446344284,-0.00304757221852811
18,63347,Nicht-ORSY,199,3541.457889447236,18.34673366834171,6.055276381909548,0.21622371095963075,0.5183365696967487,0.1990448512828295,0.06673696006039628,-0.00034209199960523874
18,63347,ORSY,27,20447.166296296295,85.70370370370371,8.814814814814815,0.37293707870470416,0.23205375154943864,0.3628621269917784,0.03951050742491223,-0.007363464670833426
18,63979,Nicht-ORSY,113,3024.8660176991148,10.858407079646017,5.929203539823009,0.4933453426507745,0.30195487887974176,0.1458326264967453,0.06017653890121257,-0.0013093869284741529
18,63979,ORSY,16,15783.169375,61.4375,8.0625,0.44399753042260814,0.19101541657950274,0.3193925638384258,0.04584148743491158,-0.0002469982754482662
18,63980,Nicht-ORSY,136,2052.3315441176474,7.897058823529412,2.9558823529411766,0.5486266693983801,0.2809829691634935,0.12505912154564117,0.12446561528288502,-0.07913437539039989
18,63980,ORSY,19,13331.495789473684,42.94736842105263,5.473684210526316,0.4417472519928058,0.06626228395717625,0.4663201897461692,0.02571176133448036,-4.148703063152127e-05
18,64076,Nicht-ORSY,196,3998.7192346938773,15.653061224489797,5.336734693877551,0.22188532313254195,0.4609192967344237,0.1807238304335572,0.13636773602259167,0.00010381367688549235
18,64076,ORSY,21,31554.268571428573,100.28571428571429,7.095238095238095,0.37697845383701367,0.23684140870990575,0.254142639433099,0.13811740776409534,-0.0060799097441137945
18,64097,Nicht-ORSY,152,3429.659407894737,14.539473684210526,4.032894736842105,0.1673384191591718,0.7064534203580453,0.09548166831428946,0.031074677917244727,-0.00034818574875121813
18,64097,ORSY,24,21927.532083333335,79.54166666666667,8.0,0.3661540053935,0.46248393236373636,0.10292118608495537,0.0692013739655456,-0.0007604978077372944
18,64126,Nicht-ORSY,188,3489.3421808510634,16.79787234042553,3.6861702127659575,0.24753172822473155,0.5694258187768404,0.1230757098875382,0.060618667644422176,-0.0006519245335322516
18,64126,ORSY,23,13122.84956521739,68.56521739130434,6.0,0.2848905887697993,0.4201031747602559,0.2254016147618478,0.06965963925470406,-5.5017546607042674e-05
18,64988,Nicht-ORSY,136,3500.3260294117645,19.455882352941178,3.7794117647058822,0.18787930847095735,0.5933864079054593,0.16548709848024762,0.053861750840429705,-0.0006145656970939824
18,64988,ORSY,36,13866.691388888888,65.41666666666667,5.472222222222222,0.3700601872894874,0.3955034121374432,0.19845665537422347,0.03682168962861532,-0.0008419444297694474
18,65004,Nicht-ORSY,170,2664.080411764706,18.652941176470588,4.182352941176471,0.19689347573305666,0.6634675582159206,0.08387307087720546,0.060101798055394354,-0.004335902881577111
18,65004,ORSY,20,15222.4235,86.45,5.55,0.17444333946932683,0.5140945906433575,0.25580766610314387,0.05604760569731835,-0.00039320191314654913
18,66024,Nicht-ORSY,75,3302.421866666667,17.56,4.066666666666666,0.15944248185309026,0.557071905615704,0.1786934435497783,0.10480847514293655,-1.63061615090808e-05
18,66024,ORSY,4,24245.82,100.75,12.0,0.30195679456887864,0.43753624216671483,0.2466164420046373,0.013890521259769226,0.0
18,66100,Nicht-ORSY,173,2047.1719075144508,13.15606936416185,4.722543352601156,0.163845708208246,0.5240011400429246,0.20596084519506963,0.10874491240976979,-0.0025526058560100344
18,66100,ORSY,12,23288.6875,94.25,9.75,0.3223935112883178,0.19235385523389759,0.29057505237294445,0.19467758110484015,0.0
18,67011,Nicht-ORSY,47,753.5170212765958,7.361702127659575,1.9361702127659575,0.051504882888989384,0.7319553770842834,0.15418265804484155,0.06235708198188569,0.0
18,68334,Nicht-ORSY,180,2477.4599444444443,11.877777777777778,2.7,0.2581485202256198,0.46573782450271306,0.16342103279537767,0.117007433683069,-0.0043148112067795666
18,68334,ORSY,11,23197.38818181818,65.9090909090909,5.818181818181818,0.5464507233559206,0.26964227041556005,0.1411617709745711,0.0427452352539482,0.0
18,68920,Nicht-ORSY,191,2126.831884816754,10.534031413612565,3.774869109947644,0.20068131287308177,0.571165877515421,0.15739574693792233,0.0712546576301787,-0.000497594956603854
18,68920,ORSY,7,24817.104285714282,62.857142857142854,10.0,0.4010548859308806,0.22625022373623166,0.2546601479670801,0.11803474236580756,0.0
